{"1": {"valid-np_acc": 0.9333919550250358, "valid-np_dice": 0.8713627725205607, "valid-tp_dice_0": 0.9536859724954848, "valid-tp_dice_1": 0.3375581524728226, "valid-tp_dice_2": 0.616491492384916, "valid-hv_mse": 6.413197089483128, "train-loss_tp_bce": 0.44341536249430136, "train-loss_tp_dice": 1.2056517469683377, "train-loss_np_bce": 0.2666681742026832, "train-loss_np_dice": 0.2750562834859256, "train-loss_hv_mse": 3.3371013849013034, "train-loss_hv_msge": 4.268631629181324, "train-overall_loss": 9.796524595350217, "train-lr-net": 0.0001}, "2": {"valid-np_acc": 0.9314352534871244, "valid-np_dice": 0.8657997038225131, "valid-tp_dice_0": 0.9534906918547738, "valid-tp_dice_1": 0.3630168165181295, "valid-tp_dice_2": 0.6006252982172471, "valid-hv_mse": 0.4536169551813892, "train-loss_tp_bce": 0.36554672106301406, "train-loss_tp_dice": 1.1998050633682367, "train-loss_np_bce": 0.22940996557231452, "train-loss_np_dice": 0.265432091401366, "train-loss_hv_mse": 0.49561471690446746, "train-loss_hv_msge": 1.3450482023370003, "train-overall_loss": 3.900856766432272, "train-lr-net": 0.0001}, "3": {"valid-np_acc": 0.9321380990701001, "valid-np_dice": 0.8683830209427786, "valid-tp_dice_0": 0.9530347942639633, "valid-tp_dice_1": 0.46123027718486204, "valid-tp_dice_2": 0.5627953216721813, "valid-hv_mse": 0.21902570875588065, "train-loss_tp_bce": 0.3811016781675322, "train-loss_tp_dice": 1.2536630922115448, "train-loss_np_bce": 0.2513292806586216, "train-loss_np_dice": 0.2968885036773379, "train-loss_hv_mse": 0.2947166040314026, "train-loss_hv_msge": 0.910838283270625, "train-overall_loss": 3.388537465783118, "train-lr-net": 0.0001}, "4": {"valid-np_acc": 0.93517061203505, "valid-np_dice": 0.8765323658420568, "valid-tp_dice_0": 0.9566028054485451, "valid-tp_dice_1": 0.49648069332719713, "valid-tp_dice_2": 0.5761247114631727, "valid-hv_mse": 0.11377364572878389, "train-loss_tp_bce": 0.3285210882178213, "train-loss_tp_dice": 1.2218576683123434, "train-loss_np_bce": 0.20620128832633547, "train-loss_np_dice": 0.29289810314738146, "train-loss_hv_mse": 0.2301231861086183, "train-loss_hv_msge": 0.5803911135205998, "train-overall_loss": 2.8599923971627472, "train-lr-net": 0.0001}, "5": {"valid-np_acc": 0.9334350970135908, "valid-np_dice": 0.872356214696439, "valid-tp_dice_0": 0.9566481994302442, "valid-tp_dice_1": 0.5164866287728411, "valid-tp_dice_2": 0.5753922719466585, "valid-hv_mse": 0.08914836406025593, "train-loss_tp_bce": 0.36710017494975994, "train-loss_tp_dice": 1.2330338074400617, "train-loss_np_bce": 0.23456779539741576, "train-loss_np_dice": 0.3132724438224427, "train-loss_hv_mse": 0.12720383034473876, "train-loss_hv_msge": 0.415637890395752, "train-overall_loss": 2.690815939441141, "train-lr-net": 0.0001}, "6": {"valid-np_acc": 0.9315043253755365, "valid-np_dice": 0.8670347751064552, "valid-tp_dice_0": 0.9551574494643249, "valid-tp_dice_1": 0.48925755425191303, "valid-tp_dice_2": 0.602142866362063, "valid-hv_mse": 0.06419088424445904, "train-loss_tp_bce": 0.3437170138316808, "train-loss_tp_dice": 1.20963731523177, "train-loss_np_bce": 0.21180918975270713, "train-loss_np_dice": 0.3138516293178404, "train-loss_hv_mse": 0.1303401298783743, "train-loss_hv_msge": 0.36328082043968757, "train-overall_loss": 2.572636098558122, "train-lr-net": 0.0001}, "7": {"valid-np_acc": 0.9333536748927038, "valid-np_dice": 0.8721550216145132, "valid-tp_dice_0": 0.9559299653160667, "valid-tp_dice_1": 0.5527212780666362, "valid-tp_dice_2": 0.592655452461082, "valid-hv_mse": 0.05605714222434935, "train-loss_tp_bce": 0.337337026955486, "train-loss_tp_dice": 1.126153123285121, "train-loss_np_bce": 0.1945527020644503, "train-loss_np_dice": 0.267722601091978, "train-loss_hv_mse": 0.09407966951120479, "train-loss_hv_msge": 0.3222863754524259, "train-overall_loss": 2.3421314869607963, "train-lr-net": 0.0001}, "8": {"valid-np_acc": 0.9364958310979972, "valid-np_dice": 0.8811801173069886, "valid-tp_dice_0": 0.955903290760539, "valid-tp_dice_1": 0.5006656676357094, "valid-tp_dice_2": 0.6291042296670596, "valid-hv_mse": 0.05256201021106799, "train-loss_tp_bce": 0.332498790291384, "train-loss_tp_dice": 1.1514636813131007, "train-loss_np_bce": 0.2053826114572038, "train-loss_np_dice": 0.2972916404397309, "train-loss_hv_mse": 0.07978751941271708, "train-loss_hv_msge": 0.2904707025553778, "train-overall_loss": 2.356894905767721, "train-lr-net": 0.0001}, "9": {"valid-np_acc": 0.9336619836373391, "valid-np_dice": 0.8735188330923026, "valid-tp_dice_0": 0.9566976684951268, "valid-tp_dice_1": 0.559126807815159, "valid-tp_dice_2": 0.5677837983909535, "valid-hv_mse": 0.040508828432924075, "train-loss_tp_bce": 0.32914998666116824, "train-loss_tp_dice": 1.155707920437589, "train-loss_np_bce": 0.2119088327395936, "train-loss_np_dice": 0.26377063241145926, "train-loss_hv_mse": 0.06390048161246803, "train-loss_hv_msge": 0.25863493799595494, "train-overall_loss": 2.2830728211670057, "train-lr-net": 0.0001}, "10": {"valid-np_acc": 0.936548082081545, "valid-np_dice": 0.8805051091639535, "valid-tp_dice_0": 0.9569407460469287, "valid-tp_dice_1": 0.5359709989152527, "valid-tp_dice_2": 0.6014837646829836, "valid-hv_mse": 0.060825243259917346, "train-loss_tp_bce": 0.36462204560954464, "train-loss_tp_dice": 1.0806470476677412, "train-loss_np_bce": 0.2211988352351169, "train-loss_np_dice": 0.21325719863039305, "train-loss_hv_mse": 0.09248701103667377, "train-loss_hv_msge": 0.24309147293254602, "train-overall_loss": 2.2153036144805696, "train-lr-net": 0.0001}, "11": {"valid-np_acc": 0.9357300049177396, "valid-np_dice": 0.8795828259991182, "valid-tp_dice_0": 0.9510231594068469, "valid-tp_dice_1": 0.5536417667218572, "valid-tp_dice_2": 0.6150200144424096, "valid-hv_mse": 0.044309292375316604, "train-loss_tp_bce": 0.32266916890916447, "train-loss_tp_dice": 1.1428681686417403, "train-loss_np_bce": 0.17364559090054388, "train-loss_np_dice": 0.2137772449404228, "train-loss_hv_mse": 0.04741664904878898, "train-loss_hv_msge": 0.21994549265804914, "train-overall_loss": 2.120322329998792, "train-lr-net": 0.0001}, "12": {"valid-np_acc": 0.9388977557224607, "valid-np_dice": 0.8879524045612287, "valid-tp_dice_0": 0.9584565744920817, "valid-tp_dice_1": 0.5227782679797589, "valid-tp_dice_2": 0.6129511247230087, "valid-hv_mse": 0.03803334247635328, "train-loss_tp_bce": 0.33016005773766766, "train-loss_tp_dice": 1.111183880511269, "train-loss_np_bce": 0.17413813122265348, "train-loss_np_dice": 0.22146704990253185, "train-loss_hv_mse": 0.05552765252371176, "train-loss_hv_msge": 0.21459247311878482, "train-overall_loss": 2.1070692687870434, "train-lr-net": 0.0001}, "13": {"valid-np_acc": 0.9382961149856939, "valid-np_dice": 0.8858559003545201, "valid-tp_dice_0": 0.9581093110398139, "valid-tp_dice_1": 0.49916014134509934, "valid-tp_dice_2": 0.6554241109534936, "valid-hv_mse": 0.06316253590822561, "train-loss_tp_bce": 0.34845422414102384, "train-loss_tp_dice": 1.193339937869671, "train-loss_np_bce": 0.21926864780644034, "train-loss_np_dice": 0.3044545761004075, "train-loss_hv_mse": 0.04402380964414623, "train-loss_hv_msge": 0.20128821427450067, "train-overall_loss": 2.310829446562802, "train-lr-net": 0.0001}, "14": {"valid-np_acc": 0.9304841738197425, "valid-np_dice": 0.868105638144039, "valid-tp_dice_0": 0.9538521948234222, "valid-tp_dice_1": 0.42265250514185937, "valid-tp_dice_2": 0.6649428278886171, "valid-hv_mse": 0.039711235267495225, "train-loss_tp_bce": 0.3157185577098024, "train-loss_tp_dice": 1.1202208843923218, "train-loss_np_bce": 0.1870934499331704, "train-loss_np_dice": 0.24742406286052146, "train-loss_hv_mse": 0.03811515062976233, "train-loss_hv_msge": 0.17178697738860077, "train-overall_loss": 2.0803590812563795, "train-lr-net": 0.0001}, "15": {"valid-np_acc": 0.9354189578862661, "valid-np_dice": 0.8804664258629811, "valid-tp_dice_0": 0.9556854443878408, "valid-tp_dice_1": 0.569262423295856, "valid-tp_dice_2": 0.6200823126049665, "valid-hv_mse": 0.07479304198276929, "train-loss_tp_bce": 0.3670280976199723,